{"train_acc": 34.748, "train_loss": 1.789622377251725, "test_acc": 32.43, "test_loss": 1.8603203990791417, "_timestamp": 1719918794.0018814, "_runtime": 327.51140236854553, "_step": 8}