{"train_acc": 99.978, "train_loss": 0.0012059725429195806, "test_acc": 80.53, "test_loss": 1.4220412418812136, "_timestamp": 1717073428.5665889, "_runtime": 6734.202118873596, "_step": 202}