{"train_acc": 23.314, "train_loss": 2.188420510962796, "test_acc": 25.16, "test_loss": 2.002510995804509, "_timestamp": 1719437269.015923, "_runtime": 466.73668003082275, "_step": 0}