{"train_acc": 33.158, "train_loss": 1.81803500926708, "test_acc": 33.0, "test_loss": 1.857113337214989, "_timestamp": 1719789790.337717, "_runtime": 13306.411103010178, "_step": 21}