{"train_acc": 21.408, "train_loss": 2.1028273294648856, "test_acc": 21.09, "test_loss": 2.0940284246130836, "_timestamp": 1719493447.655985, "_runtime": 1251.1332430839539, "_step": 39}